[
    {
        "name": "18 - (0)",
        "label": "  (18)                                      0",
        "hex": "00"
    },
    {
        "name": "17 - (1)",
        "label": "  (17)                                      1",
        "hex": "01"
    },
    {
        "name": "16 - (2)",
        "label": "  (16)                                      2",
        "hex": "02"
    },
    {
        "name": "15 - (3)",
        "label": "  (15)                                      3",
        "hex": "03"
    },
    {
        "name": "14 - (4)",
        "label": "  (14)                                      4",
        "hex": "04"
    },
    {
        "name": "13 - (5)",
        "label": "  (13)                                      5",
        "hex": "05"
    },
    {
        "name": "12 - (6)",
        "label": "  (12)                                      6",
        "hex": "06"
    },
    {
        "name": "11 - (7)",
        "label": "  (11)                                      7",
        "hex": "07"
    }
]