[
    {
        "name": "(10)                                     0",
        "label": "0",
        "hex": "00"
    },
    {
        "name": "(9)                                       1",
        "label": "1",
        "hex": "01"
    },
    {
        "name": "(8)                                       2",
        "label": "2",
        "hex": "02"
    },
    {
        "name": "(7)                                       3",
        "label": "3",
        "hex": "03"
    },
    {
        "name": "(6)                                       4",
        "label": "4",
        "hex": "04"
    },
    {
        "name": "(5)                                       5",
        "label": "5",
        "hex": "05"
    },
    {
        "name": "(4)                                       6",
        "label": "6",
        "hex": "06"
    },
    {
        "name": "(3)                                       7",
        "label": "7",
        "hex": "07"
    },
    {
        "name": "(2)                                       8",
        "label": "8",
        "hex": "08"
    },
    {
        "name": "(1)                                       9",
        "label": "9",
        "hex": "09"
    }
]
