[
    {
        "name": "42",
        "label": "(42)                                      0",
        "hex": "00"
    },
    {
        "name": "36",
        "label": "(36)                                      1",
        "hex": "01"
    },
    {
        "name": "34",
        "label": "(34)                                      2",
        "hex": "02"
    },
    {
        "name": "32",
        "label": "(32)                                      3",
        "hex": "03"
    },
    {
        "name": "30",
        "label": "(30)                                      4",
        "hex": "04"
    },
    {
        "name": "28",
        "label": "(28)                                      5",
        "hex": "05"
    },
    {
        "name": "26",
        "label": "(26)                                      6",
        "hex": "06"
    },
    {
        "name": "24",
        "label": "(24)                                      7",
        "hex": "07"
    },
    {
        "name": "22",
        "label": "(22)                                      8",
        "hex": "08"
    },
    {
        "name": "20",
        "label": "(20)                                      9",
        "hex": "09"
    }
]
